
SELECT * FROM T_SECURITY_LOGINS WHERE PORTAL = 'ClearCATS'
SELECT * FROM T_SECURITY_GROUP_MEMBERS WHERE PORTAL = 'ClearCATS'

-- add logins for portal

INSERT INTO T_PERSONNEL
(PERSONNEL_ID, USERNAME, FIRST_NAME, LAST_NAME, EMAIL, PASSWORD)
VALUES
(PERSONNEL_ID_SEQ.nextval, 'clearcats@northwestern.edu', 'Clearcats', 'Faculty', 'clearcats@northwestern.edu', encrypt_password('13#cats#'))

INSERT INTO T_PERSONNEL
(PERSONNEL_ID, USERNAME, FIRST_NAME, LAST_NAME, EMAIL)
VALUES
(PERSONNEL_ID_SEQ.nextval, 'jhe722', 'Justin', 'Henderson', 'justin-henderson@northwestern.edu')

INSERT INTO T_PERSONNEL
(PERSONNEL_ID, USERNAME, FIRST_NAME, LAST_NAME, EMAIL)
VALUES
(PERSONNEL_ID_SEQ.nextval, 'gco604', 'Genevieve', 'Comeau', 'g-comeau@northwestern.edu')


INSERT INTO T_SECURITY_LOGINS
( USERNAME, PORTAL, CHALLENGE, EXPIRE_ON, ENTERED_BY, ENTERED_IP, ENTERED_DATE )
VALUES
( 'clearcats@northwestern.edu', 'ClearCATS', null, null, 'pfr957', '165.124.223.127', sysdate )


INSERT INTO T_SECURITY_LOGINS
( USERNAME, PORTAL, CHALLENGE, EXPIRE_ON, ENTERED_BY, ENTERED_IP, ENTERED_DATE )
VALUES
( 'cac286', 'ClearCATS', null, null, 'pfr957', '165.124.223.127', sysdate )


INSERT INTO T_SECURITY_LOGINS
( USERNAME, PORTAL, CHALLENGE, EXPIRE_ON, ENTERED_BY, ENTERED_IP, ENTERED_DATE )
VALUES
( 'gco604', 'ClearCATS', null, null, 'pfr957', '165.124.223.127', sysdate )


INSERT INTO T_SECURITY_LOGINS
( USERNAME, PORTAL, CHALLENGE, EXPIRE_ON, ENTERED_BY, ENTERED_IP, ENTERED_DATE )
VALUES
( 'jhe722', 'ClearCATS', null, null, 'pfr957', '165.124.223.127', sysdate )

INSERT INTO T_SECURITY_LOGINS
( USERNAME, PORTAL, CHALLENGE, EXPIRE_ON, ENTERED_BY, ENTERED_IP, ENTERED_DATE )
VALUES
( 'pfr957', 'ClearCATS', null, null, 'pfr957', '165.124.223.127', sysdate )


INSERT INTO T_SECURITY_LOGINS
( USERNAME, PORTAL, CHALLENGE, EXPIRE_ON, ENTERED_BY, ENTERED_IP, ENTERED_DATE )
VALUES
( 'mns521', 'ClearCATS', null, null, 'pfr957', '165.124.223.127', sysdate )


INSERT INTO T_SECURITY_LOGINS
( USERNAME, PORTAL, CHALLENGE, EXPIRE_ON, ENTERED_BY, ENTERED_IP, ENTERED_DATE )
VALUES
( 'cmix', 'ClearCATS', null, null, 'pfr957', '165.124.223.127', sysdate )

INSERT INTO T_SECURITY_LOGINS
( USERNAME, PORTAL, CHALLENGE, EXPIRE_ON, ENTERED_BY, ENTERED_IP, ENTERED_DATE )
VALUES
( 'eak581', 'ClearCATS', null, null, 'pfr957', '165.124.223.127', sysdate )


INSERT INTO T_SECURITY_LOGINS
( USERNAME, PORTAL, CHALLENGE, EXPIRE_ON, ENTERED_BY, ENTERED_IP, ENTERED_DATE )
VALUES
( 'wakibbe', 'ClearCATS', null, null, 'pfr957', '165.124.223.127', sysdate )


INSERT INTO T_SECURITY_LOGINS
( USERNAME, PORTAL, CHALLENGE, EXPIRE_ON, ENTERED_BY, ENTERED_IP, ENTERED_DATE )
VALUES
( 'aco454', 'ClearCATS', null, null, 'pfr957', '165.124.223.127', sysdate )

---

INSERT INTO T_SECURITY_LOGINS
( USERNAME, PORTAL, CHALLENGE, EXPIRE_ON, ENTERED_BY, ENTERED_IP, ENTERED_DATE )
VALUES
( 'skk958', 'ClearCATS', null, null, 'pfr957', '165.124.223.127', sysdate )

INSERT INTO T_SECURITY_LOGINS
( USERNAME, PORTAL, CHALLENGE, EXPIRE_ON, ENTERED_BY, ENTERED_IP, ENTERED_DATE )
VALUES
( 'jab155', 'ClearCATS', null, null, 'pfr957', '165.124.223.127', sysdate )

INSERT INTO T_SECURITY_LOGINS
( USERNAME, PORTAL, CHALLENGE, EXPIRE_ON, ENTERED_BY, ENTERED_IP, ENTERED_DATE )
VALUES
( 'hjf799', 'ClearCATS', null, null, 'pfr957', '165.124.223.127', sysdate )

INSERT INTO T_SECURITY_LOGINS
( USERNAME, PORTAL, CHALLENGE, EXPIRE_ON, ENTERED_BY, ENTERED_IP, ENTERED_DATE )
VALUES
( 'ltr435', 'ClearCATS', null, null, 'pfr957', '165.124.223.127', sysdate )

INSERT INTO T_SECURITY_LOGINS
( USERNAME, PORTAL, CHALLENGE, EXPIRE_ON, ENTERED_BY, ENTERED_IP, ENTERED_DATE )
VALUES
( 'bfs326', 'ClearCATS', null, null, 'pfr957', '165.124.223.127', sysdate )

INSERT INTO T_SECURITY_LOGINS
( USERNAME, PORTAL, CHALLENGE, EXPIRE_ON, ENTERED_BY, ENTERED_IP, ENTERED_DATE )
VALUES
( 'tha209', 'ClearCATS', null, null, 'pfr957', '165.124.223.127', sysdate )

INSERT INTO T_SECURITY_LOGINS
( USERNAME, PORTAL, CHALLENGE, EXPIRE_ON, ENTERED_BY, ENTERED_IP, ENTERED_DATE )
VALUES
( 'pcm777', 'ClearCATS', null, null, 'pfr957', '165.124.223.127', sysdate )

INSERT INTO T_SECURITY_LOGINS
( USERNAME, PORTAL, CHALLENGE, EXPIRE_ON, ENTERED_BY, ENTERED_IP, ENTERED_DATE )
VALUES
( 'lmw351', 'ClearCATS', null, null, 'pfr957', '165.124.223.127', sysdate )

---
-- assign personnel to groups -- ensure affiliate_id matches that in institutional affiliates
---

INSERT INTO T_SECURITY_GROUP_MEMBERS
( SGM_ID, USERNAME, GROUP_NAME, AFFILIATE_ID, PORTAL, entered_by, entered_ip, entered_date )
VALUES
( SGM_ID_SEQ.nextval, 'pfr957', 'Admin', 555, 'ClearCATS', 'pfr957', '165.124.223.127', sysdate );

INSERT INTO T_SECURITY_GROUP_MEMBERS
( SGM_ID, USERNAME, GROUP_NAME, AFFILIATE_ID, PORTAL, entered_by, entered_ip, entered_date )
VALUES
( SGM_ID_SEQ.nextval, 'jhe722', 'Admin', 5007, 'ClearCATS', 'pfr957', '165.124.223.127', sysdate );

INSERT INTO T_SECURITY_GROUP_MEMBERS
( SGM_ID, USERNAME, GROUP_NAME, AFFILIATE_ID, PORTAL, entered_by, entered_ip, entered_date )
VALUES
( SGM_ID_SEQ.nextval, 'cac286', 'Admin', 555, 'ClearCATS', 'pfr957', '165.124.223.127', sysdate );

INSERT INTO T_SECURITY_GROUP_MEMBERS
( SGM_ID, USERNAME, GROUP_NAME, AFFILIATE_ID, PORTAL, entered_by, entered_ip, entered_date )
VALUES
( SGM_ID_SEQ.nextval, 'gco604', 'Admin', 555, 'ClearCATS', 'pfr957', '165.124.223.127', sysdate );

INSERT INTO T_SECURITY_GROUP_MEMBERS
( SGM_ID, USERNAME, GROUP_NAME, AFFILIATE_ID, PORTAL, entered_by, entered_ip, entered_date )
VALUES
( SGM_ID_SEQ.nextval, 'cmix', 'Admin', 555, 'ClearCATS', 'pfr957', '165.124.223.127', sysdate );


INSERT INTO T_SECURITY_GROUP_MEMBERS
( SGM_ID, USERNAME, GROUP_NAME, AFFILIATE_ID, PORTAL, entered_by, entered_ip, entered_date )
VALUES
( SGM_ID_SEQ.nextval, 'eak581', 'Admin', 555, 'ClearCATS', 'pfr957', '165.124.223.127', sysdate );


INSERT INTO T_SECURITY_GROUP_MEMBERS
( SGM_ID, USERNAME, GROUP_NAME, AFFILIATE_ID, PORTAL, entered_by, entered_ip, entered_date )
VALUES
( SGM_ID_SEQ.nextval, 'mns521', 'Admin', 5002, 'ClearCATS', 'pfr957', '165.124.223.127', sysdate );


INSERT INTO T_SECURITY_GROUP_MEMBERS
( SGM_ID, USERNAME, GROUP_NAME, AFFILIATE_ID, PORTAL, entered_by, entered_ip, entered_date )
VALUES
( SGM_ID_SEQ.nextval, 'wakibbe', 'Admin', 5001, 'ClearCATS', 'pfr957', '165.124.223.127', sysdate );


INSERT INTO T_SECURITY_GROUP_MEMBERS
( SGM_ID, USERNAME, GROUP_NAME, AFFILIATE_ID, PORTAL, entered_by, entered_ip, entered_date )
VALUES
( SGM_ID_SEQ.nextval, 'aco454', 'Admin', 5001, 'ClearCATS', 'pfr957', '165.124.223.127', sysdate );

-- 10/25

INSERT INTO T_SECURITY_GROUP_MEMBERS
( SGM_ID, USERNAME, GROUP_NAME, AFFILIATE_ID, PORTAL, entered_by, entered_ip, entered_date )
VALUES
( SGM_ID_SEQ.nextval, 'jab155', 'Admin', 5006, 'ClearCATS', 'pfr957', '165.124.223.127', sysdate );


INSERT INTO T_SECURITY_GROUP_MEMBERS
( SGM_ID, USERNAME, GROUP_NAME, AFFILIATE_ID, PORTAL, entered_by, entered_ip, entered_date )
VALUES
( SGM_ID_SEQ.nextval, 'hjf799', 'Admin', 5008, 'ClearCATS', 'pfr957', '165.124.223.127', sysdate );


INSERT INTO T_SECURITY_GROUP_MEMBERS
( SGM_ID, USERNAME, GROUP_NAME, AFFILIATE_ID, PORTAL, entered_by, entered_ip, entered_date )
VALUES
( SGM_ID_SEQ.nextval, 'ltr435', 'Admin', 5008, 'ClearCATS', 'pfr957', '165.124.223.127', sysdate );


INSERT INTO T_SECURITY_GROUP_MEMBERS
( SGM_ID, USERNAME, GROUP_NAME, AFFILIATE_ID, PORTAL, entered_by, entered_ip, entered_date )
VALUES
( SGM_ID_SEQ.nextval, 'bfs326', 'Admin', 5004, 'ClearCATS', 'pfr957', '165.124.223.127', sysdate );


INSERT INTO T_SECURITY_GROUP_MEMBERS
( SGM_ID, USERNAME, GROUP_NAME, AFFILIATE_ID, PORTAL, entered_by, entered_ip, entered_date )
VALUES
( SGM_ID_SEQ.nextval, 'tha209', 'Admin', 5004, 'ClearCATS', 'pfr957', '165.124.223.127', sysdate );


INSERT INTO T_SECURITY_GROUP_MEMBERS
( SGM_ID, USERNAME, GROUP_NAME, AFFILIATE_ID, PORTAL, entered_by, entered_ip, entered_date )
VALUES
( SGM_ID_SEQ.nextval, 'pcm777', 'Admin', 5005, 'ClearCATS', 'pfr957', '165.124.223.127', sysdate );


INSERT INTO T_SECURITY_GROUP_MEMBERS
( SGM_ID, USERNAME, GROUP_NAME, AFFILIATE_ID, PORTAL, entered_by, entered_ip, entered_date )
VALUES
( SGM_ID_SEQ.nextval, 'skk958', 'Admin', 5009, 'ClearCATS', 'pfr957', '165.124.223.127', sysdate );



-- select * from T_INSTITUTIONAL_AFFILIATES where parent_id = 555
-- select * from t_security_group_members where portal = 'ClearCATS'
-- select * from t_security_logins where portal = 'ClearCATS'


INSERT INTO T_SECURITY_GROUP_MEMBERS
( SGM_ID, USERNAME, GROUP_NAME, AFFILIATE_ID, PORTAL, entered_by, entered_ip, entered_date )
VALUES
( SGM_ID_SEQ.nextval, 'lmw351', 'Admin', 5001, 'ClearCATS', 'pfr957', '165.124.223.127', sysdate );
